CHARTER NO	ID
25154	6c3aaa22b8a372254aef26932268ad83388a5d0e
14688	8f3ea34bd9a92af9b2f7ad09a001ff7277f14292
14206	c68c3e498a74f12045d79165a01dfee516b0e66d
16804	eb248c06d3189c81d5613f272576615020d4bd03
24470	60fc76e8d6e995c5ab81e3db35003fb2c6934d4e
16320	3f6393db915d0d6adc71942ce7e055626a9ef4d9
22286	bc39ef71f766b98f62b13ae2c7de3168b8f06dc9
15820	2de9553900a80945a972a745350be3344bdb281c
17319	0caa2fd49c44b2e6f7d0a6c5e9d4ab7d10130c57
24456	5b19e82be8c58b0c80ee9776362dcac1e20200dd
25151	5d47b8928f3d43b3adcf1678c59f9b4e714ae368
23521	8db34dd590ae38e2aef344f982916f6090119c2c
15037	5646f66f85ab0c5fa6361d6a7f3ff29aa35f5c92
18613	77850c735a0c623ed742a7f865382156ed08150e
15435	faec0e641e631c9b21af9083909295e3aad0a0ee
22553	ca2a6b6ac73a3df7111fc602cdc7b5af5583d7d1
16617	5c382111861212efbe6e5b8bf8a6a7ae2cb7b790
24716	5b070877df05adec7ad479a2cbcee1549233d6b6
24182	eeeef5763c7e114eca1f341a18b8c0cd28117674
16625	d1ff5592fbaa2ebd98fd6662bc4af565409f780a
5525	f95145d3b7a732187ccdf248fa5038d8490b92ed
23006	a89e857ffbadca45b24d81487a8b74b5cc34bde3
23250	d7c02589325177a5beaaad3b84c436e09a92ac10
24425	633ad482329de3539bae99088e11d1b0a3d89d2b
5581	276ac074f37f3b2ce141761081e5cd0a8c5d8cf2
1253	2c61422714bcb5935215adf442a8f5b1d80ffc54
25080	4bff14bd97b96f3d5c77f173dfcb4f97b531e186
12152	14ed47827e4a8106959b74495d2d9aa289b63396
24077	8bfb8c46223452c6a1ab20eff5b94cf1e558d54e
13044	7f6667c68d4f6f4de2647fb69d825fa2ce95b9e9
24153	d0cc06b399a2844ea9293a7051f3c07db37330ce
10844	916359d72875ae4a7de6a26b6ed2303f663de053
20415	6aa23d15d3e8b9abe3a4fa4a787daa236516c336
14510	72dca1b0fcf133ff3faf3e0062cf06d1c5adc72a
4865	817b2d7843d9f4262263a96bb01e1ff881a144ef
24100	91d4b13bd226e5f648daea6605b2007106f3cb22
3375	a18271c052c703b93a7970cb0c1f46134f676e1e
17548	3a289ff0eb825b285a0bca6a97434390e02ca2ab
16643	ac04a465a8791495e8f7278562965b15375261d8
25140	443fe7fd6a6f046c88b60fc320be81961c255a46
25028	e23c2fb7433fb7b090361608dcf5c70ce515d946
23216	d16a65da60faa41345d56e392ba28a342d975f19
18358	7baf9fdea9a20dceb651deb59c0575d2780e50ea
23869	e42145fe72252ff57adc768948311c04ddc482b1
24547	c44f301d1f990b138c46277bc3e253c8409344fa
16417	24f3acf31de8afdf265c2aec8db86c69900bcd55
24466	07e92d279fecbaebf74861adda8034d3de9572eb
8674	243d8ee98ccf984ff3f765b4a00a0b437b06a6cd
22121	641a81c2e5bea31a379d3ead11159dc483eec395
14583	0dfb70f320b17b997889c15140d1e28dbc0c9237
24536	4a8432cb1127e107493a7d746a15548555af4723
24224	5a119a1070e6d9b19c3a582940486b714110198f
6301	c8446fed8840075381f309f006c14c0d59f881ca
17383	8733c5aa92a0d7bb7f2c10fbb4659037ed1ae009
14447	e349adfb4af8168680d4ed1c2445a4d1e14eb4f3
10646	5c2cda99948c3eccd297cbf2159f1ad295a9e127
24744	f75d42f1ff669b924ec16fc08ad95771e4dd608c
18242	a1c8bc85b2548dc410e12648a8f0ee208b58f068
3656	86c2cc4137ba0c9a8392cad3f9837980390245c3
23925	8a21f02ffeddd12d1e46b4e45d8dcd1dcab749a3
24577	61b95248613180eeb85539975f0131fa248d6cd4
23850	ddcdb8d9691df68a7797d99ccacb10b1974639a4
24828	39958b0e45efb90cd54598d3f4c6e162c7c74884
13688	8720569485891cbaa5b0247228468348f4bae44f
17525	3e5414af4dc0449c1e24ab33024b3838f9fe588b
5737	fc6ac126a4b87aa4144fe91e28263f473311a654
412	6e9b99384f21dc46400b5347a3eb341f6daeb334
23323	5e1ca041703ade9dfad6d8fccf66a97b1603ad8e
20448	fd8bb6c95031c7af7bc67154c68381c5656a4829
22311	ef41004fb58f733a3fa6d3c34dea23b9e2c344e9
4284	b8d1c85a1dae8fa175f01bad051f3baccb58e9e0
16626	2c673badc6aeaf19e8e5a147490aac10e9301466
24617	094cb9441558c6893ee166aa2e730076e3684739
25137	45d92f56c6f4fb8283f7b8f27c56681a6b7ed3f9
24755	31917978bf3e678be047de3f53be4ca238c664c4
23158	ada1f4634f8b9df80e7a76c8c90256f122b3d65c
24106	4608d5aebff8dc2f657478c359790aabc4a0ef2c
1461	8b4078f9f76081a0c3ce5db983aa4f340ecd7531
18410	99d4fcdf9b312d053ca9c0223c528dc940fb220c
24571	96e7d7bf42a91b5af3d95bb0d515bcf280ec549b
23834	c6b9b8f31b33f22099965d907dc13d17de74eb6c
25088	96f29678f4f94f24ddbd71e97f98450e867378d1
16076	0d5e2ffc5fb4a10195c070c16329188da1c27871
5484	4df7aa73e5cebbcb319c8bf8343ede5d8b212665
17456	dbd626538d1091d80a65f8c681a335914dcaa14a
14273	9674f93428bd80b972becd59eb4a916db1c08bec
14435	7b56cd39404b0ae7ce19f7915e60ed295d2f8534
13522	620fcbe5a07a0a95b66f1a54205f3c7399aeec93
8515	9990a0bfac8abf40d6b0177c6953cebf22da3543
13516	7fad2c7173748522a397de9d2571618690f3a99c
20184	20bc898ebdec53649d8402d26f9aeec7eba34108
14695	db6e31fa5c619d3ad45a4a9c22cf0d7b0b55b167
17652	ad4a1acf2585a55a8d538600ba5ccca01cdca88c
16142	164c65ed396f1a60204533608892ee6df40f1142
14807	89611e04d247933140c11b9e06489d5efb3ed738
13731	239c464dd6c4acd91a8d820af0ec41071cb8f701
14347	bd4e51b111d3e48b77ca109a74815c676a6322bf
24861	76d6e3614603b5dd00f97e2c55611c0708d541e9
8004	f34304f9eaf4cada803789b116a171bbe25a5fd2
21527	6051516051bd7725b9d5257aa043fa4cd627e694
14371	3cc333ba653b60b9c99c0a63a81477e6e1d8aa6c
15257	166a876d45e726d15b172180e528f6c312cbdfff
16553	b38e5ec91aad067f94d65b1e2262a2794f3059bb
8531	2fdbccfb12f5606e6c517e8ab7cfb60426f36382
7518	d0b1f2d7c20b8a1fa79ec6681181632b36b152a3
24080	6f4ffed852bb2d13dec98d6332d33fa6d5c7976e
18394	e0a6980207f8e1c54a87a61c01ec4cd277304572
24347	94b7911bb018ff74af19fbc8597ac92ee0052c7a
15417	c256190186e21948ef3fab8ab56f73e76e463fb1
17002	8318293955acbfeebcb9b3db03e35d48737ac41a
18054	056daeb65781bc0598c97f165af47a31f7e56cb8
18233	8b93d0c79acec793b29a8d2e1080fe2542ffef13
23148	786c11ea907c6f1ccf97c9f3709ec2701db31ddb
23664	200fe1969add13b24939344698417aa22522a5c6
15543	0fade7f498d15c8ae9344099e45c52125c6a3027
16325	f32901307b28ba26eca14dea775e9bf9e76d814d
24114	c77d0dca617c269f991a3914c1574c730812389f
23771	9609857d5a11327ac2b5458f2f868e4a41d94ce2
17828	9416a5e55f2ee2b4c490685e7ee9691fb15a4fd7
23574	4d0efd695cfa004db4bc78333b2ad61534e18301
10254	bd9ca42709bba33c6f8f7a68a19e3bd61894ead5
24604	b980fb5bf53e493b92e86742b4b8a49a112d6c53
20547	d4f5326095846d90e4ad6edcd0dd579c6fe5d60a
24622	fe78e0151d3e46079b3d7e86eb7ef175616d11f7
23852	8e095f43835911d7cca783b860899e42c82aaa38
18608	19561f627ea5c6ce839ddb22d48ee36d7bb7b1bc
24452	87f0b4a6c95c0329cafdc800702c5ae3a6bc2e4b
661	28903f610228f970292b06382eae94ae10efa9a0
12877	db47f574f2790c593749d47f4b83a689e3102777
18431	aac5484459362d2734315fca61bf6134c62c36b1
15748	d6ac0b9e966ec6cb0748959f87990f7a7eb9991d
24777	31af073608aa20fa57e4074eb557f33ec9db9fc7
11583	30b3ea83c8c3f6a6e3eea10afbf492d53c31f1dc
17000	0b0c50b022c998f403359e7e2f7fc2d901098df2
13778	8a6a597208daadfa2d8dd1337040633d131f8ada
24356	fc027fce231239982b684a744dbbaf5d64b2e556
24373	269a81db97103bc9dc7e8aca8fd3243a1a8cf6a9
6375	5c5e21f67a04de3f4edbab7f46e71d3aad525d9f
11933	28f2974cfb9437f51912a107f6f37c1108dd8ee8
14466	4b7f4ed663371ef0d06c3373bb09bc8c880e368f
24758	16f757a9b67144389435fd031992f7e4eaa39c07
15386	5e2daee3dffea038e884ee05a5614feeea1bd11e
14564	8584c85911bedde8dba1f91976ec0b46c228915e
24670	63ec557251eb3a72de62daf4ebc39fa96db4228a
5263	e058cd50921b0478065dde9a6d072f895cd6f2bd
6671	12eb199365f3e1421d52624895d43c0e8527b8b5
17862	bfd924bdcf30939c89fa1d3b30239a2aa9661276
24120	d23d2892cad528e595dc5203d1278a2107743f5c
2068	27443871965be0ae4bc321ec011d40182ceef962
22351	84c2d0b5c3e230c4afc5cde4a28558a006d33e46
13544	e2be08065255c376d837844b2bbad53aa5770ffd
25025	97c8f685ddba01af763acf0e9388d3ef3b5254e4
47	827bfc458708f0b442009c9c9836f7e4b65557fb
4166	e4ce5f091c3057a3b03e82f4196a29b2c0b6bd75
24421	c25f991d39e003bf03ee3f91d7c663d2aac80cd8
21882	2551b5deb6db61a99877587f574a331abdb8903e
10045	b19eeb66ad614c6197b1b13f27ba297b6e5540a0
16579	5ed2532863931cebe5f5c94e270485ad8aedf909
10004	75186a2e1a40cc782d90af3fdd3eb8efbe305478
3105	62fe577db13fa2dfab66ac892614234f0889e433
10465	f494954618da5b94a9a1b7b45127df29e5fe7450
14328	7a1d7905e3fc0d60a7c6e33e1c7e2b77161be766
446	5a9295d8fa430d03c34c8f7145f47117fb940f31
6813	40c8fef03dc442aa1c5631c9dd52e135d40e1df9
7647	f26122f89e7490480d458dba01dfa100d400b8fe
14786	c5d638602bd3cd71521696e926821572ff852532
9888	9f0480d79cbeb0c2a405a814e518e6b11cdf8c58
14252	562c49e27f7a7477a95dd6395b5c40c92bdd2d5d
21793	91b3fc919345b2846c2ae681daae0a2f0c08f8ff
14886	815d37c48d9ee1dd73ac796a985c7770b9da5db6
10230	373c73f6d6e33ae6d78959f460ab501fc07154af
23182	41a3f64e525a2c0fd41d6b9ec0751a7e11a8ef91
18609	df2f6e6f8b59aa3b9c6b165f5a6976151d927c0e
20078	1eae00c2c67a0baaf8bee7984aa7b0ffaf9d5641
9295	b815f4db4704db2be4965eb84b4fc20ddaa7971b
14275	792b51d899fc956d5b154be0ec87ab89ff91bd48
5052	ff4fcd352b70c29f1b65c7d1702239a5c4a5f323
12072	71b6139626acb575e0a8f67fbe3080787a5a7b67
3248	92a502bcff564f82945507f6e08e701ea23a93b2
10697	5ffc052dddfc02e86fb05be11a91703858cfaa75
3601	c392995fdf7084551e578bee14bda929abb8e4b5
7890	ca8032a4ce311bf7f776f1e97ae3bb06bf3fc461
18430	1cb338cd4bd5cd29ffe6694e33141d150b57fef6
13677	4604d0745403965eb6fe0975c7ba1b7f8db0969b
15407	34b59d65c9d8db3d88c3763afb7c480520787c05
14184	502ceea5d09e8513fdbfb98577fe931539a7fe26
25144	41fde1d273588889a3ec950b3013787cba28e302
14168	53611cc52048d4b254604df3984c9abca04c35a4
14370	8cc46fe966af311e317a8b77f3ca1b7c352766f0
14144	32f184f073eff04c178c585e8c8b764d09746f79
14217	d89b5483d558873a77285dde116dc5bca5289607
13557	4916248d0a6d0899b559c1eaf524fefaa8d361b7
10637	6553ca2a9547dfaf70d8a6eace9e7d8c91d30ed8
14821	4d75d2ab7f76e18291ba02efdfd5ff78a312a8df
14150	9667af25a15e19f504f6a68b7540fce91e76c923
8476	ff928232983f14781fbfc06bfb59b172e53b65dd
18214	138d18c7fe76764063a5c4006489a7a3d62f8789
14740	e5e9c1fb07c9ed543480bbd046aef35b4117d3a4
7337	d0bb2479acb9c85f83dfce721bd3d17562d17732
3640	9aedcf7848d4d66ac35193431068819811c992cf
18162	44f44dd2de0b860edb9b4e68da38e38a34049c71
13675	65a31b1a0e291289805614e56ef528839b9a0fec
17001	40d51a31041dca3f605d374a503d7ad80eccf7d1
5850	132e6d48778cb42ed0070f7687e4fc184f238d6e
14637	efb33be6aaef985e0cb0be90cf578e198e1605b6
15284	173194b84a54fd85d9abe4e0c9fa398e14fb6d4a
22327	fbe9b5bb7381b4c038d2d025b888f92546172cd0
24458	cd233aaa2bfb0107e5820e4a917947840e370c43
20026	41c404917f78c1c89a046abb2a8cb1262beaaf67
13637	d9a6c08362fe4fff38123e22461a642879ac1693
14842	78d47591a5ac97dfebbfb7ebed40e46d26477df6
4410	77af523e549155587ab3036f7db8e5c90493adec
15158	2941949109dc278c886cdaeaecee6dd1a906b7f4
15572	e474d2df5bfbadfa6a4f8a2b7de457e51dc4ac03
4208	e3645f32b13dbf35284ae794893a1b7dc71b0532
6101	0c3438f797b4b64c06d620bf6e202889ff1dc922
15171	c8e65f93cec0d25d720613f527d1b15f07a3a3bb
6030	570a3e528618d879ad7ec0179beb7b3dede2d331
12523	cb3cb41cae14ae400ae2f2da992a60b210e633e6
4076	e04483fa29ce2a62129c0e1624ac1b82fdd899e1
24637	238a154ef156a06a46fda325212df8a2d85a6912
14436	b7ea67bc0e3026519c674d5dbbf0440e4227b498
10406	f64478791229ae8fad5c5d3e31a55f4664719008
13478	f55e0141979e1453fd8da76dc4ad2b9ec1536665
7087	acb381711c815b56ac54499f7190af8572c35b6f
14680	6d031936cc0b694705d221403a26682a3f7875c5
10680	2c433fe1ea147d77562daf5c3a113a91abd13908
18063	6fa4600d192f3a75d3730a74fb332a3ec65ee576
14437	1f9115c6b4002987fd31fb5a0845e42b027c28b1
15550	369d869bd6c427a6fdd534091ee37b028fdeb2b4
14882	ca930940b9b2adf49a6b77d6521f3c1f7a943f74
5674	fab4b594a825554001719778fd897607e50d0ddc
5750	b7f58bdc03119612000fff9c609acdc4de598c2d
16473	bd8705a5d6399da7b39928d393f7c0d2a2b272c8
10408	7aaf44f6b860b40dcae04f4949f44c2c7461d3c2
14833	59076098174a3575658cbfad5e5e90160f05a22a
18278	cf2d3d36ec1f15d46e5d1334564333a8a1ad189a
16487	4a2ae8790b8fcc4ed6696662f2a3a9e04ea67405
11412	bb947f04ef6bb5ad8aae7eed67c725bf183caa20
24475	92fad5d0d48ebb27386a8bfddec511ce4936aba4
13682	893469d27c4b56cc215a847b7668b4674d4ca0c4
8752	bd57ee129ea5ab5dd4b0d29d2a22c58321800542
336	9c882d5c6a1aa240b2672dce0ffb03360abcaca5
14005	4987a4a76bfe75b67bdf044d9dccf5723e37f08c
23681	271468149b723f7311a307ecb3f8d175690688fb
20214	99aee45f95a98af7bc8250888567d3f8bf6e258f
14566	4f12d0bb2cbd786a06df0844b79ef0d31b42a14d
15606	1f0c5c3c6a6c2b4efc3f1b4025926e1f6ac8d432
24257	641fed46231a2680f7f498d031238563fe5d9507
14546	c40be69d57a083120c4c334c6e670046e92b4e1c
5741	a6a371d0c855c59dbb8c6c6296f9de2a05b858b6
13347	4f856ce01140c57b7b765fd9628e2aceb54ba7e5
18558	c9206776ff5bb1e0991b71a6ba4bb6cfff2851d6
20862	0bc8cbe4f7a6bca8c3958bd9e9f8967c3a5df0c0
24671	efd0b0e8ee7b77bf7d286f24615075ab038076b7
24268	804083733cbfba0d8e610de5013924b2370e6e98
6684	04890cff9d5d33f43f90acca27d940e50f1d5620
25152	05dfb6cf9b136ab35f6f54682d5725b12ea5312b
15247	a5df89df2d7be05e1a6bd0fcb74ee87a3e7e9489
25053	d3918389a738b4e770c952ded1ee3e83b200d9f5
23773	5f5d6ad0a1ce297404c8d522ebc5f8e8c3e90214
15401	d2921f82bee63fcb9d09dbb3b76f3db0070de2e5
14062	41f078f59feca8745c2db76072646cbfb5beab4c
6635	0b9a2389c63f0cd78e02e46e28614419651256e8
25106	98d31a4b24e1bda42e45c024d1402269b870859c
18763	92e8a689b7ab4b45f394ae1005d6c08dd3d4550e
2503	600aec6926074d180920749bd113dff2016a650f
24522	8244686892aae17f0a7da901c4522079d11a39ad
24601	b851a1fc4e1e0b45a31d65cdf632178f1e674fe8
16857	a280e14b42a30fcda8a5bceefa053c7d347b8c8d
11443	e1ef65f2faa5a2129f2fa6bdc95e57ec8bfb6d4e
24440	cb273358ab442e1a4a924c51682f715368010858
18283	15b1b1e2c1a7a9e28d0fadec4a7c4f831f57e700
2782	b97f63cdb32dbbaef957da68bb7639d3129df174
8	fe5dbbcea5ce7e2988b8c69bcfdfde8904aabc1f
14330	eedbb8987304a72bbb4e5c8bb7b5bc16b72eaa3f
20622	a836c88bbceba27c98bdd8fd930bfb8aae6e0d87
25051	81f1183bcc9a9529ada09118e65ef48853e88287
14761	e410087450421e22027c2961a6bad0d2183200ce
23183	19c16d1fee122a2c5bbbe55c3688c08a4a3f9aa2
15168	a8719af6f0bece7357b4da960b9a8e1169b10d74
16357	a220684e782a74375c752833a4cc0c9a108d9f05
17106	477cd9cdb6d6b33483b76f0cc5f39f1a159fff32
23038	4ed00a639ee339e718d3e1861c23160447fc99d4
2360	53127afa9428c4b39465d8faffea4891967fdd3d
24131	968b422df77468362a96cbd8efe5e34a12d0c1fc
22210	39a128e412859898ba91aec689047bb5fc2a3528
24573	9ea0eedf0ac0a8481773670ef9a7ee3528775b73
24338	d6b36303064e75fecf93b7922ce04ed08d024aa2
4265	232aa8fdec7dba8e16449e85cfc5077b48349e19
24378	590e61801a53d42c28c2a1f1d0b6fccb50c2197e
5425	55d65604cef307475935503f09c9ad9dd2f5ade5
23516	0a2c66ddb5e00b2cb41faeeee807d2319990abc3
17606	7aae4aa488bba5c8ee6776979dc2915605b7e50e
23730	1b9f48c30f1d5dad93f1994016aecb47eebefd8f
17611	4d49a18dcf25a21f803b7f76188bad6742185ecd
25153	7f6f51f4f43c996d6abbaf115798bf55b69b3590
14488	0df618ffec5d1905959f5d74e2e949f74b479ebc
13838	e4abf5191bf8e65de7cb35d79bc3207c8b7ab7b9
18484	cb8bba37f14aef527a0ec6b404f0a05723199786
10354	f456edb70fa9c590969d9e1f3012d972f96cb056
13835	c3ff053d9bdf7ebb58abbdbf4ee709c592e9ded6
6417	5a925f457b67d9dc9a3366dac55f2b93e12f49e8
17176	fad3c82523f26553f76e138d8de1703139b05603
21541	50cce10298956dabfa65334f0a30c04d35778fe1
23523	72691c318e3fb7a35612ec3427263c2ead50c74e
25145	3d287c209cdab53812b88c63c828a2a2a39384ea
14109	4c690d9670e4d2da03ef5614855ddb722b1cebab
15070	b0d8aaf584aa2e63867dc82e03b8a903ec70a1fd
14617	d19749625a118ef7f95714ba5bc4c0dcddbfcf94
21158	daeb64252e2ce5aa13d6a6358ba2b5a91bab6237
1354	397d13d9aee3ce3572a22022f4c50cf8553a668a
23645	f0659b0eb4bc731b422cc89a9d29b0d4d23f0811
22770	96171ba9ff16841971312d0f1029f3ad04cac1b2
15161	6220bea733313610298742c6c243c7630df3d0d3
23421	ffbee2a45b06a7c6abb457cf7b5251c966fcaccd
24858	86c0e7bf6c8fe5b758eaf970e8b36af5fd010b3e
16840	baa55ec1573c751238bfdf186ba7e4a16e84ee41
14240	cbc0ce49d4264009a3e23d38a40fb732630685b8
6112	ef8d417081b1cc85c566e3b3aa754a8c1065d4d7
5073	006e9c3a82f814fa415bf832e346c8b2fb2f1c9f
24107	bfbfe62137311f6b9cd2a684ebfac6e8da0c960b
23547	e6df36d06d4d3c3145771166685e22455d02ee41
24626	131ad0a71041eb03646d11925888f635af7078cd
6863	80eb7282fa375b94f0e5d2726f61f9d98af0f7a9
24372	90ee8cdf18aec44405f45dcd1d3e0d75b1086b11
25150	f3da1db29d9021d2ac41a03b7eaf588fd68b78ee
24730	bbbf516cbcaca775dcc39bd3ef9a7faaf8933e4d
8846	47a91feb530b24c5cacac2d335c9f3515cef79b6
24646	752ff6a68b88c091dac16717865092441e620325
23702	7e151ba6b3ba2d7d8b570dc27f41e0cd67b75522
7748	d84b2b89c8578c0b17b31157f6637bd4d7153294
20010	9e1af8586e5b4f5318e1c3c6d4a3ce305427ebd2
22545	abbd55e10755b5f5ac6f6d27e1e4e4c29d04d99a
14418	1438a4c06131a032ba30de97df64f56aa69e84f2
25103	a866c4b0daa49e814c6782588e7d4509a2368628
15058	9406da89570b14321369b197c9f569a3f9b52de4
21060	07e2c65734c5947da89571c512405bb3d72ab3ed
1316	6439568bfd104c0e9baab0c665a53866c8ae220e
17735	ab5bfed9330dc36545adc348b8ae98f1a5454226
16405	d16d2ecc9ead725a8fdbb4f7c66d28392b73c1ad
6207	8188ad31243727ca082102b00d142b541e623469
24583	f7641daafd9748048c99bd6c94393d7dce958e2d
5886	1fec9b8dd175d565a1e9d143698e908f58a7fb1e
3717	c464a6a0a28073fb8e4a26db2da76d13c53c0dea
24771	08b73abd63d1f642e5c1a6e66d09fd163131731e
23416	43e1c9e049c6980094d5c386ac8c61882897c293
15482	e597f1758002c9cdc0e9d9cb5b5be220167b5ed6
5815	cc28fe0208ec7f650e1bd52ae10c4abf2e7a3c04
25022	1f2c45e0c3c2f3a2d54b8549b3d6f64e483701e6
21530	7bff14685f3fb8201fb93d509411d3afb9577509
12810	a5357a26158486a9025c2e71b1f15fcc516470fe
24150	a104cfa5e0b6bd68f18e68f803e3e8ad1b691a19
14838	73804e73085e11f27854b7f3a872b0617a2fd0f9
24310	afe7e481f10c09b308863c25e6a967fa659edd5c
14578	2cb1e86df01b09755e1d113364144c5687a0ed03
13650	8e8428360626860dcd1239c8e48d2c1491df0a41
23226	4087b449b17a98da0c86798c66959642867e0e17
24010	9924f68dbd4b19b87e3b81dc800bd11867700071
24264	dac78d92c08ef20197d12a0c2234fd5c88058517
10834	bd2f8419585af182a5001deb23aa46205681b1b1
24737	1b3207a489ab83d46f74864b9bf0c3088652c718
24430	8fd284ef8d8564e89cbe9b7e6485d8d8f9f02ae9
11833	21cd03577db0d198890a8c7f009e8b1aba200e64
15651	cc98ae1c940246900f06aced15c55683ff0265db
14012	ea7e608779d0e20fd191e92318aece68b1aeb8a6
12346	94ae0a96d83a445d72a93417b63ac90d79db5eca
23081	e0c59d7bb0d0172ed7f9c81586c921fd33904118
18045	8616a320de7733c9f89cb229caddcb205b67cf8a
18607	c8e816f5c6ae4fb3e9c027e8f230474e21f58778
23457	743cbc40f3a66857091d82207901a6815f1af54b
15576	dca9ec9fdba2232866c5da9616b028b0019b787b
23458	b03527ad1215ff8cda5e970346feb65357416628
25075	7c505c293a6b612060b862063fb7fa89e77a73b9
24627	4e63ad78933f80c6b514c7508fda6b00ee951abb
14302	4cdad10b3289c8c9dd96ee3eacdd71da978d6a75
12044	cbfb0b5276414fb620dc35ef0122d178848221fe
24833	b177b6c5c82d71a2b5d4ab1c1bbca759a2672db3
18154	3011bd1c29c31758701d781ca03740edc619dc2b
4742	d289f071936e9abc61411f4cc5232e4d964277b5
24350	76575ebfeb20195e6c844d5028c6edd452a98f80
24467	08c42936db8ff2faf06ab3d76db60b58628aa147
23253	5d3e11bc1ff6b0d6121eea3c2649d5387fe4a674
23363	a21b1b554558a32c7f1fb02327604700f264cbf4
22611	d0b9396574c6cd072c66e06681edf3bd36134e63
20157	1484ff80fec5e846ff1d8f47bf19e000a3a1958e
25114	a96c28e4d5a28f768126d64a361fe71b3f8467df
10476	f7337e00f0c8632662b94a09c56489fe82b65052
23248	4054ece97aaf0de64b4f9504aae88fb91dd8b7e4
24640	22402daac471adf19fe0ad36080ec217f8b64e6b
10420	a6e8675363230505c31f54c603ae4fafdb08c1e7
4701	e3583875137172f908b4f46fe85781e5fa424b61
11879	30d8d47425bfa2fced3bb4aeaceea42362f11326
22807	04ca88f2cacb16b1bf715b5fd188e00f8d3f2864
12308	ac34a5ecfc3ef09f96ff1b570f2e9f4b8670f24b
24465	e36bc20700d16e682526e2d09b7072d6466e6b43
17043	0258ebe69fa134de0d2781fdd506e5a32ffae22e
3711	769c924dda383a378a63ab2433f72be8e17a0190
13770	38daae1e3ed28e7840a6fd4a0d6d9faf5a07a0fb
24526	b4b9ede9dbdd4a4292e6b2064251b131ef494f61
7827	226d058ce8c2393d3bada491cd1e90572d0f32b1
13678	4aff3d765eb7d834bcda301c3b4c1ecd98473ca4
2311	31d4596aaf7504ba33b2b1e75aa1ab1f08180eb3
3817	c24af675e00a3f95ef63f223fb9c2cc8d6455459
12158	5ec2a4c19fd2ffde1f89b4fcf7ae9f36329dd2e0
10034	6f2cdc0d4c342acc8126d47b5cf6a92c49749eb2
11573	a9c23f7507bc42d585dc326bb3727c2dce600d98
10216	c5e0ad3ce9381527284f5fd336a0391356570bd9
7266	70ff8af3d0b728131eb35b2d99d8260410e19804
14255	1e5f278fc5185c5f02df69e76468e1a0ebfc9da0
11544	7658e7403c98e277d0da178421e677aadb180ae7
13847	9d4bb9d2c72c497dc96979139a23ebcaf401c9e7
5753	52c1431011c29892d30e8770cb8196c6d321f3dd
5276	11c5ea6f77806e814af43126841897c5cc874d07
8745	3ffe509517936b27abdb5cb74f219bbbf5c7e221
10806	1c278ce99cba595fd77ed517ccfb6967b1c87b7c
5275	451e7470b4f5da501cd95543e8a874c4fb1aa542
8573	79c48bd91a34f149ce5a4bd91df64b8acb06e5a6
10536	19750b14859577db3606a187cc4267ca4654762d
1323	85749e85b601375fbd6d6cfaf6694e582e08d0e6
2515	e73aec43aad5e460523701e4419ec45d05360501
8606	389faf4ca4a7ef487f69bea497e6bb740710f3a4
9767	c0480ed98ef3b2af53ab20b72529bfd6cd02d858
8221	e87f1969aaba333d05896d9d1545d47b4b2209e6
12456	e83e73c0bd162890dec69b2ad4a039002de84fb2
3654	64ae02701b7beecfdb6166cf4b5cfdfa88eb4093
5481	40982d84a9bfefd3a4ec86bff299fce097026114
4271	30f732d7d66e65c73e0a39e1cf1220ef9fcc60f0
8345	d7cad00f0ad124d918924bfda7922223b83424f6
2488	5b243020a372ffdfdc5507633050e668faa674a3
18783	924b5c58e0497ddd1f8d08787a31e08a1e2cb786
12850	f98a90b447683f847127620dc838a04e219f4318
7379	319f173850f1260974086f6f4783a41f66a5ba28
4994	7d803a56c0e22b6c81011b87e1ce43dd8704ead6
3806	def17c3a3a1b054b8ad8ffb938915b6800541dbd
5547	32e7901f9f34b9d7d6acb4b26e062e06ae6a160d
2725	fc339cfad6bffa85d804db823d8f387cdea57cb3
7115	658c6a496e20697fd070e52ae99a29ccc919d43d
5252	82c94c8162f8c3e054a22f415d6f0a62965e6d4b
324	914127d1002e9938e2e1ee54cd92fd8195a248b0
11001	9de8ffa52635e6e35d9a65911541218a18fe595f
4704	0608e230d59a7fa3786f9fe341a14df7b71e6c08
14244	87c4769e18f97a59d92bdc70c3dd3fdcf8f8218b
14268	5ec20b0bd01986da656e0dddc80a485602b48e4e
13046	a4c6c8f246c23fbc87c8253d440dfbac7c2fe847
12636	6998d2b100dcf7c310cd8d55d2de8397709f0522
14072	465ee6d3ae558ed806bd35cc5f608e6788ff3bd8
20838	21e34dd1da91bbeff116047312e02c8419a2e2f4
14310	927dad5b07fb85f2a41e45b3cfa836f5767c0551
14222	bf6db25c51af17d3183ea2bffdba85c75a23cd00
10823	66df6290bbbce36379b644626e0aa8dbc314347c
5786	ff7dc125afd07f6dd43da9fa8a09809e96d41789
5316	47c50e4abef2ec1e3e6f2ae2eb253fac11be51ae
3533	95ad137911a723d1df6118522ab29da20e4cbfb4
13202	edc00d2eafd416564ffbe9fd595ad692e83a0add
2302	40bf252ebc68d2921a7e909064c29fd95a1820fb
4241	858011a0f35faf85ad57bc7e1190038c4f36e4b2
3231	1b251f64571dbb68522f1a08d3fffde0e855a306
5582	6cb41ef133e4da60a92adfc85830c16e614b838d
8830	fb7bb70ac8c6c337a9bfa1aff9fa44276ecef81c
11622	c989dfe912c575016da00b0c0c50d6924731269c
8322	7259dc7824a615a28a72c33ca160ab836a6a6718
13802	21473632324398c439d7d5b463b6a6d733238496
6487	5b1537e128fb3f98238b1aa0ebc1214d63e7e5b7
7534	c51ab999fbe75d79d8c39e7cf9f2a0568bf91c57
8575	eb99fbfb4c5ecc3cee58a99c2151aff8cd1cf2b9
8757	6a609d8ca096ba3d8fea29f52eb8bd7118a88c14
6707	217a2089eed1fd0f407ea853a29608b1cbaf9bb2
8561	1b026fe0075f9acf7939b8b85423e8fb8bb01949
11571	610ca41935107238744585145880eb7eeec257c5
12141	8883cd9d4b95adce75ea34ab77b6672de65b5146
7045	7dd7f82036974e55021f0715f185094a928cd55a
8624	0447d3298f38d3ea6189e25ffc198814bad790c4
86	3c26dffc8a2e8804dfe2c8a1195cfaa5ef6d0014
5288	a7ae8d1e41c691a72f9f746c3dc482182001a7f7
8521	5e4d0cb5cd93441a19f150351172ee309fde24f4
3727	4d2fdcb7ae398555b233547c210bd7c827b4158c
1083	9bda887d240782244c93a03f3cf7f2727c71daf5
7592	265b2fc80235ad74bec5f0ca87f694d9c56a4e68
8671	39c160cc462c6d690e3433feaf038a23966c241b
11822	1767315c6625dff6cafad0c8caee9d1ce84d398b
10566	fd54cb068aa8e75aa603f9bb94e24b4bb569cfc8
12384	800ecda24ab67e8319d66220670fda50e70e3ad7
3180	7b1a65ed3b6d0acc6e6e7dc87eca54cd20023067
21165	496d1d16e890fab02c2392ecb23942eab0c7b0d4
7768	49382b4dc023530e8ceeed7cbf85ef4563ea138a
8161	bd7ae8caa0965a708c783aa90f68b31d710c4c8d
347	1b04f217730b9e677ec7021775bb6c2c8f8ca543
11312	f73e964e649438e514b696d7df9068b3bc6e5548
6171	4441feff03d5ca4a8bf51b00584298f071c826bd
13126	cb83e1aaaa5b3312b1a7f577d3a1bd279877e980
7605	8db4035e0bf629edaaa7a2f4bdfbfaff7a4e891a
5528	42ac7a101ab2dc5355a64b6c5947aaa0cd195c2e
3455	8e2037bed1e5a16949efb7cda0a9271d64cfa562
46	fe2ef495a1152561572949784c16bf23abb28057
15765	5360383083296ae127e90bbb6ab9a3aeb8595787
6488	f5d77ce88396b6c7a710a225c57c4e634884043a
2221	053f7d6e260d62b35b0154ac51a5b63a4c4a4932
5774	33f8bc4e3809eee8e0a01af23941e331b78b4a84
13102	3f80456d203834630a9774dcb80d8399840ebdd6
2073	89ae61a48b04df32fe0575443f6333e2f974fbba
11754	6535d16fbbfffa1afdac1a7ba714cc9a87df2665
228	cad06f3c4901bbcd4a396dd83c4544a146d6e3e8
6837	78a4f14859cbb166bede93e5e69300b169cbe6f5
1154	93e35532e8c27da7267d6a073da0d909da11a4ed
11343	ccffa31d0dadb683821201adbd1f8a2021b86274
5224	68ecbf29bc06f656a27369b8fc67a4396c5a9c1a
4155	42f5e65d1023f01ceb92c22a466be50b50984750
11125	b109380306f405b24e9916b4d8c955890ddabe9d
11706	ff6220b5b01749d12d0d1f7dee9f333a84956fa8
11348	b435388ab8179e7944d772cc9b3bc0514737e694
8808	63d0e5111cab6ee169b598ef1fba59b19059da90
3855	798e35637e6388bf9aa0c15f6e1ab4158e17ac55
5628	426c89b7c22197a7d476a899d98c7f668ac43230
5466	52dc2eec697d9b81d8238a6f78a629e480b6a688
15000	271593a69439c052d4de63e50c569060dcd78e91
7015	da66b4c75553e62cad9e64075def6b2ce20ad495
10161	18584a68b2d50971e7f82eadf2a8f38b0e4c5dcc
3886	3483ec9796f54932501445fa029f51d6b50eb20f
7217	b1c89d95006bd349e720258b0d2621ed8c5f91d4
11383	5f72b8a35e7df7ad36092043331f018d337f408b
8114	010c1687e449ea3a835019d1dc6862c42f7eacfa
13706	dd200618f17586e7ee46be155e0c983e044e0cc2
11305	29c4e8695dc7c85f853b1a9d17e29465be32860a
6544	765d44a9ded6756ff63d6e589bdd59e0174c1bea
10180	95622493d196826cf2b27c37db6a5ded42cbf841
5635	b361a327c5cadb7142518c8324edcd9227f41f97
2477	78174657279064d99abbfde9a469bda193e9d17f
6830	a57822494b6073f200d51afd3f462fef9acc7ffd
10807	1929a00540f1b0db52f1803864a9eb19095833a9
14757	1dee9f375dc19c863ee59957af0d8e7de60dbd57
23864	40615d3c7c6be3ccd517017d1ff0fe30e4d6c130
24173	122003c2ef043e2a1943cbb62e2e691c90e520aa
11642	90717178dd99b211000d5279456016ae17931bf8
14035	289f7c2bc11a1ec8a9d49058626ed542fbc0900b
2242	81eff785d55afeb889189ba6d382f249771c4b1a
5842	18b3034ffe4568fde21f3ce41fa5aa600f4fce64
14351	c33907946bf0578a45cda11950aa525d73018667
644	4c8596c838c9d498b000d5fab25d2c2ea657588e
7745	f9fb401dc1658ee851860f6f8c9cb1eac68cbe97
7814	4ee91a8025401cf55259e7b7ec9ff0d2993ade99
5614	d8f124d8fa70663071bdc80719d44465ac0b2757
13111	a00a0727ebedffbdc2f6f1be1c5d9015123138ea
11715	010b5bc41bb4bae5fd5130637d5b7d229bd67052
13541	1eaa9abe002c49525e537cb4653ee188d9a2e9d8
1027	e194ee413805ba5a6aabf4d34db2066149dc0369
23202	81646a00f3adb6c525708199860fea0bfc263db3
4860	ffcfe351b0fdac5d8f8d204046564d1070bb80a3
24827	f2ef4cb267c8937d415df8cd3cdd9face3ab61cc
14788	78f5b6ee889c6abf3b3a486adfe764f8f1142a9d
22652	850b33cfbe2d34c5492c090cf3d704dc80feeeb1
3147	d7e94e1f1485e03015d366e46ad19ce7e0857d3a
16226	c4d3660a2febc0d30bbaa7737789bad6b8eca191
4107	d56fe91441a94395b6e0c3143b75aa76c375c79e
1214	fe025dc13e5c9ab0d0625cae795d5cb0a0444b1d
12471	321334fae65176d0046c14de2f4a3d43d3c8b612
7005	040cf8079ba56b68c2c75728b22904eebe31ee87
11780	d6b67f8fea4b1ecc33982b556cc13bc89cf402a9
12267	ad59e00e8f6240cd305846522b49628cc731f27d
15733	889d27d7dac2e931455975ee9c850cf931348831
10051	f87c3c1bbda07013241250d5b6154b9de7838988
6667	76f2078abcddac362c694aff456089f0ae679124
5658	051064d1f5d521914f7122d75e13be2f535b38ad
5413	644089cf3f9381846585e0856dd95ca59012fdaf
14315	75e76aff75796fe4afc59bc7af5764981d780185
3124	ddca0f7ce8e8438c7b9d01aa7ac8309704b6b871
13022	78672debee3c5dc799b4aa63ea5586e9ce7d00af
12543	81586e09ade9f02455c35a106f337c60d918f6c2
12742	ad42317852ee8ea983f1730bbe4410dc2c1414f8
22281	0a0bb8baa29afd008bd043826dbaca3dfafcd9a8
22241	678588b346410965c56815461c92bbc57deb8592
12018	e33050f8798f4082733df9553dba02f841b70aa3
2036	ad707ee02cf3c3a30babb2e4259100a414e7ca67
5203	13382057eb887ce83b9d12e240a581a578ffa191
22883	1af89d07392d251493faf0baa2a78d0eece8f6f7
25143	e03b07031051c4c5be256db6c6810d123e455c64
12437	6aff6bf4a06ddbfdb4d726379f64b5fc9924ff7a
16708	212780a5422c67b80d17d5510fab86c8f2f947a1
15738	9afaeb7e0d11e954e724043d8b242e990e70db1b
10523	5f8f484b128e5cba6c4acbd8d2cccda9ed238683
24	4d134bc072212ace2df385dae143139da74ec0ef
23412	0323d5faf760802d831d96048b7c400549c1ba63
23604	e310fc591b7ad6bc9de6f282f9c783b3ec1a6c96
22874	5a30bd412c28318d29799193e23628fb619797e0
24047	a59922f46f910287c03107686b72ca3d067c2e97
7236	9f87ed8ceb3dd4e0b6176caa155ea0c1f5644263
24346	0b27720a36aa609863742c0838d2cd70e7f6bb8e
25160	d1ea0df5d05fba1ef82f7b6dff187ae1e84c0b84
21008	e58b2c94bb6c7a019f0f4fa3835c8209ffeef266
24121	ee26b68529680b6a0e334831912806778f51617a
17174	1db34efb7088e7b706ffd0dbbd8abe859b048cc4
13443	6fb3a6f9210ae16755a839e3543f3c7c7853d2d4
23616	899bceb241bb1acb6a06e8759fb278316c014cfc
25073	e29f29dfa89bb70a3728fa1de40dde4fbb10b5a4
24685	d53717753db5ba0cec2de374524ef0c54799bcc2
17202	c6ee38be88db2b32c4bf8065ab27af7cc1c38822
11668	0a74a4ab8639ed3b8b1448ab0d5b2d4de0e32c9c
1	356a192b7913b04c54574d18c28d46e6395428ab
23201	04ccdeb185eda3e3cce9aee934f67e2860905701
24185	d77a539282b2e28260be683b9c9bfd7718f38b14
24683	ee60464fb290630533f3ac6f7224ef217749a491
6352	15266f95a279361b1d98843a4b30d1d5aec98361
13116	9bf5083cf00c7ffb042aa665fcf2808d3fddf47c
10971	a547ae72ceadc672e59a101e8035d9775fc630f7
25142	652859d493d593ba29caff4e242993cc038bb3d9
10865	ef09670181a75eff771b1b440e91757a333b002d
24343	55be43a2f311fb90373e609ee86cc4f8704f9f3b
4341	a3c704680e39dfb4ec3117255bd797bf1586eb22
